,GEN BUS,HV BUS,"I""(A)",Pmax (MW),Voltage (kv),p.u(V),SCR
0,30,14,5293.14599609375,1050.0,345.0,0.9971265196800232,3.0036862275003235
1,36,15,3640.414306640625,720.0,345.0,0.9955844879150391,3.0079884183052115
2,32,16,4843.7734375,960.0000610351562,345.0,0.997275710105896,3.0068206516641505
3,34,20,4295.2353515625,839.9999389648438,345.0,0.9848309755325317,3.0091866965958105
