,GEN BUS,HV BUS,"I""(A)",Pmax (MW),Voltage (kv),p.u(V),SCR
0,30,14,4696.5849609375,1050.0,345.0,0.9867207407951355,2.6373445054784006
1,36,15,3546.865478515625,720.0,345.0,0.9922276139259338,2.920809636167713
2,32,16,4602.8642578125,960.0000610351562,345.0,0.9946649074554443,2.8497937202879133
3,34,20,3788.701171875,839.9999389648438,345.0,0.9809569716453552,2.64387414790607
