,GEN BUS,HV BUS,"I""(A)",Pmax (MW),Voltage (kv),p.u(V),SCR
0,30,14,5299.82861328125,1050.0,345.0,0.9971265196800232,3.0074783929203903
1,36,15,3640.732177734375,720.0,345.0,0.9955844879150391,3.00825106768739
2,32,16,4843.13525390625,960.0000610351562,345.0,0.997275710105896,3.006424492835915
3,34,20,4288.45703125,839.9999389648438,345.0,0.9848309755325317,3.004437892481451
