,GEN BUS,HV BUS,"I""(A)",Pmax (MW),Voltage (kv),p.u(V),SCR
0,30,14,5293.92578125,1050.0,345.0,0.9971265196800232,3.0041287299243953
1,36,15,3647.460205078125,720.0,345.0,0.9955844879150391,3.0138102778825386
2,32,16,4836.24072265625,960.0000610351562,345.0,0.997275710105896,3.0021446438269686
3,34,20,4287.865234375,839.9999389648438,345.0,0.9848309755325317,3.004023287194994
