,GEN BUS,HV BUS,"I""(A)",Pmax (MW),Voltage (kv),p.u(V),SCR
0,30,14,4712.26025390625,1050.0,345.0,0.9976288080215454,2.6753996939495077
1,36,15,3553.729736328125,720.0,345.0,0.9946325421333313,2.9335553482255743
2,32,16,4635.47119140625,960.0000610351562,345.0,1.0000063180923462,2.8853937852526235
3,34,20,3798.88232421875,839.9999389648438,345.0,0.9758044481277466,2.637054480752068
