,GEN BUS,HV BUS,"I""(A)",Pmax (MW),Voltage (kv),p.u(V),SCR
0,30,14,4833.09130859375,1050.0,345.0,0.9867207407951355,2.713998982922853
1,36,15,3554.712646484375,720.0,345.0,0.9922276139259338,2.927271703578667
2,32,16,4604.39453125,960.0000610351562,345.0,0.9946649074554443,2.8507411659192083
3,34,20,3789.852783203125,839.9999389648438,345.0,0.9809569716453552,2.6446777783009576
