,GEN BUS,HV BUS,"I""(A)",Pmax (MW),Voltage (kv),p.u(V),SCR
0,30,14,4712.26025390625,1050.0,344.18194580078125,0.9976288080215454,2.6690558621981335
1,36,15,3553.729736328125,720.0,343.1482238769531,0.9946325421333313,2.9178095866328775
2,32,16,4635.47119140625,960.0000610351562,345.0021667480469,1.0000063180923462,2.885411906763779
3,34,20,3798.88232421875,839.9999389648438,336.65252685546875,0.9758044481277466,2.573249433045565
