,GEN BUS,HV BUS,"I""(A)",Pmax (MW),Voltage (kv),p.u(V),SCR
0,30,14,5302.29638671875,1050.0,345.0,0.9971265196800232,3.008878773165387
1,36,15,3648.871337890625,720.0,345.0,0.9955844879150391,3.014976263619092
2,32,16,4882.27685546875,960.0000610351562,345.0,0.997275710105896,3.0307220322307544
3,34,20,4406.2998046875,839.9999389648438,345.0,0.9848309755325317,3.086997025356226
